{"stats":{"minecraft:killed":{"minecraft:spider":1,"minecraft:iron_golem":1,"minecraft:goat":2,"minecraft:zombie":4,"minecraft:cow":3},"minecraft:dropped":{"minecraft:snow_block":14,"minecraft:iron_sword":2,"minecraft:crafting_table":1,"minecraft:wheat":2,"minecraft:pointed_dripstone":6,"minecraft:iron_horse_armor":2,"minecraft:spruce_boat":2,"minecraft:dark_oak_fence":8,"minecraft:snowball":3,"minecraft:wooden_pickaxe":1},"minecraft:killed_by":{"minecraft:skeleton":1,"minecraft:spider":1,"minecraft:pillager":1},"minecraft:crafted":{"minecraft:oak_planks":18,"minecraft:stone_shovel":1,"minecraft:crafting_table":3,"minecraft:spruce_planks":44,"minecraft:wooden_pickaxe":2,"minecraft:furnace":1,"minecraft:stone_axe":2,"minecraft:bread":20,"minecraft:air":0,"minecraft:iron_chestplate":1,"minecraft:shield":1,"minecraft:stick":44,"minecraft:iron_ingot":11,"minecraft:iron_pickaxe":1,"minecraft:stone_pickaxe":8,"minecraft:stone_sword":2,"minecraft:snow_block":16,"minecraft:chest":1,"minecraft:white_bed":2,"minecraft:spruce_boat":3,"minecraft:dark_oak_planks":32,"minecraft:torch":36,"minecraft:shears":1,"minecraft:wheat":54},"minecraft:broken":{"minecraft:stone_pickaxe":6},"minecraft:custom":{"minecraft:interact_with_furnace":10,"minecraft:mob_kills":11,"minecraft:interact_with_crafting_table":33,"minecraft:time_since_death":46997,"minecraft:time_since_rest":47024,"minecraft:sprint_one_cm":115523,"minecraft:damage_taken":850,"minecraft:walk_one_cm":292476,"minecraft:damage_blocked_by_shield":60,"minecraft:drop":15,"minecraft:damage_dealt":2554,"minecraft:swim_one_cm":5438,"minecraft:fly_one_cm":230661,"minecraft:open_chest":8,"minecraft:crouch_one_cm":7620,"minecraft:play_time":79232,"minecraft:deaths":3,"minecraft:sneak_time":2560,"minecraft:walk_under_water_one_cm":4051,"minecraft:boat_one_cm":390910,"minecraft:jump":1372,"minecraft:walk_on_water_one_cm":9143,"minecraft:total_world_time":79232,"minecraft:fall_one_cm":34493},"minecraft:mined":{"minecraft:spruce_planks":1,"minecraft:mossy_cobblestone":47,"minecraft:snow_block":16,"minecraft:dark_oak_log":6,"minecraft:powder_snow":55,"minecraft:crafting_table":15,"minecraft:torch":1,"minecraft:dark_oak_fence":8,"minecraft:grass_block":12,"minecraft:chest":5,"minecraft:copper_ore":1,"minecraft:cobblestone":122,"minecraft:spruce_leaves":12,"minecraft:wall_torch":6,"minecraft:hay_block":6,"minecraft:furnace":2,"minecraft:iron_ore":33,"minecraft:snow":6,"minecraft:ice":1,"minecraft:spruce_log":11,"minecraft:andesite":18,"minecraft:pointed_dripstone":13,"minecraft:oak_log":10,"minecraft:coal_ore":84,"minecraft:dirt":32,"minecraft:stone":656,"minecraft:white_wool":8,"minecraft:oak_leaves":2},"minecraft:used":{"minecraft:water_bucket":17,"minecraft:stone_sword":36,"minecraft:snow_block":2,"minecraft:stone_shovel":73,"minecraft:stone_pickaxe":923,"minecraft:chest":4,"minecraft:wooden_pickaxe":33,"minecraft:spruce_planks":1,"minecraft:shield":1,"minecraft:torch":40,"minecraft:dirt":25,"minecraft:crafting_table":16,"minecraft:white_bed":2,"minecraft:snowball":16,"minecraft:spruce_boat":4,"minecraft:dark_oak_planks":17,"minecraft:bread":5,"minecraft:iron_pickaxe":29,"minecraft:spruce_sapling":1,"minecraft:stone_axe":52,"minecraft:cobblestone":37,"minecraft:goat_horn":2,"minecraft:furnace":3,"minecraft:bucket":19},"minecraft:picked_up":{"minecraft:crafting_table":17,"minecraft:wheat":130,"minecraft:andesite":18,"minecraft:leather":2,"minecraft:wooden_pickaxe":2,"minecraft:potato":12,"minecraft:enchanted_book":1,"minecraft:oak_log":10,"minecraft:shield":2,"minecraft:gunpowder":19,"minecraft:dirt":44,"minecraft:string":34,"minecraft:raw_copper":3,"minecraft:bone":2,"minecraft:experience_bottle":3,"minecraft:bucket":2,"minecraft:spruce_planks":1,"minecraft:stone_pickaxe":2,"minecraft:beef":7,"minecraft:iron_ingot":3,"minecraft:iron_pickaxe":2,"minecraft:sugar_cane":7,"minecraft:chest":7,"minecraft:iron_sword":2,"minecraft:furnace":2,"minecraft:stick":16,"minecraft:raw_iron":33,"minecraft:music_disc_13":1,"minecraft:torch":7,"minecraft:spruce_sapling":1,"minecraft:pointed_dripstone":27,"minecraft:mossy_cobblestone":47,"minecraft:spruce_log":11,"minecraft:iron_horse_armor":2,"minecraft:redstone":3,"minecraft:dark_oak_log":8,"minecraft:goat_horn":3,"minecraft:dark_oak_planks":27,"minecraft:pumpkin_seeds":2,"minecraft:stone_sword":2,"minecraft:rotten_flesh":7,"minecraft:stone_axe":2,"minecraft:spruce_boat":7,"minecraft:hay_block":6,"minecraft:crossbow":3,"minecraft:golden_horse_armor":1,"minecraft:oak_sapling":3,"minecraft:melon_seeds":3,"minecraft:snowball":83,"minecraft:dark_oak_fence":24,"minecraft:coal":154,"minecraft:cobblestone":800,"minecraft:white_wool":24}},"DataVersion":3953}