{"stats":{"minecraft:dropped":{"minecraft:snowball":3},"minecraft:killed":{"minecraft:spider":1,"minecraft:iron_golem":1,"minecraft:goat":2,"minecraft:cow":3},"minecraft:killed_by":{"minecraft:skeleton":1,"minecraft:spider":1,"minecraft:pillager":1},"minecraft:crafted":{"minecraft:stone_shovel":1,"minecraft:crafting_table":3,"minecraft:spruce_planks":44,"minecraft:wooden_pickaxe":2,"minecraft:furnace":1,"minecraft:stone_axe":2,"minecraft:bread":20,"minecraft:air":0,"minecraft:shield":1,"minecraft:stick":24,"minecraft:iron_ingot":5,"minecraft:iron_pickaxe":1,"minecraft:stone_pickaxe":2,"minecraft:stone_sword":2,"minecraft:snow_block":16,"minecraft:white_bed":1,"minecraft:spruce_boat":3,"minecraft:dark_oak_planks":32,"minecraft:wheat":54},"minecraft:custom":{"minecraft:interact_with_furnace":6,"minecraft:mob_kills":7,"minecraft:interact_with_crafting_table":19,"minecraft:time_since_death":10997,"minecraft:time_since_rest":11024,"minecraft:sprint_one_cm":80595,"minecraft:damage_taken":840,"minecraft:walk_one_cm":150960,"minecraft:damage_blocked_by_shield":60,"minecraft:drop":1,"minecraft:damage_dealt":1754,"minecraft:swim_one_cm":4974,"minecraft:fly_one_cm":212076,"minecraft:open_chest":1,"minecraft:crouch_one_cm":2154,"minecraft:play_time":43232,"minecraft:deaths":3,"minecraft:sneak_time":1040,"minecraft:walk_under_water_one_cm":2580,"minecraft:boat_one_cm":390910,"minecraft:jump":1086,"minecraft:walk_on_water_one_cm":1374,"minecraft:total_world_time":43232,"minecraft:fall_one_cm":30316},"minecraft:mined":{"minecraft:spruce_planks":1,"minecraft:snow_block":16,"minecraft:dark_oak_log":6,"minecraft:powder_snow":55,"minecraft:crafting_table":12,"minecraft:dark_oak_fence":8,"minecraft:grass_block":7,"minecraft:chest":1,"minecraft:copper_ore":1,"minecraft:cobblestone":4,"minecraft:spruce_leaves":12,"minecraft:hay_block":6,"minecraft:furnace":1,"minecraft:iron_ore":5,"minecraft:snow":6,"minecraft:ice":1,"minecraft:spruce_log":11,"minecraft:coal_ore":60,"minecraft:dirt":15,"minecraft:stone":59,"minecraft:white_wool":8},"minecraft:used":{"minecraft:stone_sword":23,"minecraft:snow_block":2,"minecraft:stone_shovel":51,"minecraft:stone_pickaxe":102,"minecraft:wooden_pickaxe":33,"minecraft:spruce_planks":1,"minecraft:shield":1,"minecraft:dirt":22,"minecraft:crafting_table":12,"minecraft:white_bed":1,"minecraft:snowball":16,"minecraft:spruce_boat":4,"minecraft:dark_oak_planks":9,"minecraft:bread":3,"minecraft:iron_pickaxe":2,"minecraft:spruce_sapling":1,"minecraft:stone_axe":34,"minecraft:cobblestone":12,"minecraft:goat_horn":1,"minecraft:furnace":1},"minecraft:picked_up":{"minecraft:crafting_table":14,"minecraft:wheat":129,"minecraft:leather":2,"minecraft:wooden_pickaxe":2,"minecraft:potato":12,"minecraft:shield":2,"minecraft:dirt":22,"minecraft:string":32,"minecraft:raw_copper":3,"minecraft:experience_bottle":3,"minecraft:spruce_planks":1,"minecraft:stone_pickaxe":2,"minecraft:beef":7,"minecraft:iron_ingot":3,"minecraft:iron_pickaxe":2,"minecraft:sugar_cane":7,"minecraft:chest":3,"minecraft:furnace":1,"minecraft:stick":14,"minecraft:raw_iron":5,"minecraft:spruce_sapling":1,"minecraft:spruce_log":11,"minecraft:dark_oak_log":8,"minecraft:goat_horn":3,"minecraft:dark_oak_planks":27,"minecraft:stone_sword":2,"minecraft:rotten_flesh":1,"minecraft:stone_axe":2,"minecraft:spruce_boat":6,"minecraft:hay_block":6,"minecraft:crossbow":3,"minecraft:snowball":83,"minecraft:dark_oak_fence":24,"minecraft:coal":100,"minecraft:cobblestone":86,"minecraft:white_wool":24}},"DataVersion":3953}