{"stats":{"minecraft:killed":{"minecraft:cow":3},"minecraft:killed_by":{"minecraft:skeleton":1},"minecraft:crafted":{"minecraft:crafting_table":2,"minecraft:spruce_planks":32,"minecraft:stick":16,"minecraft:wooden_pickaxe":1,"minecraft:stone_pickaxe":1,"minecraft:stone_sword":1,"minecraft:spruce_boat":1,"minecraft:stone_axe":1},"minecraft:custom":{"minecraft:time_since_rest":680,"minecraft:sprint_one_cm":8942,"minecraft:damage_taken":250,"minecraft:walk_one_cm":11283,"minecraft:mob_kills":3,"minecraft:damage_dealt":300,"minecraft:interact_with_crafting_table":5,"minecraft:fly_one_cm":15776,"minecraft:crouch_one_cm":1507,"minecraft:play_time":7232,"minecraft:deaths":1,"minecraft:sneak_time":563,"minecraft:walk_under_water_one_cm":1725,"minecraft:boat_one_cm":32858,"minecraft:jump":76,"minecraft:time_since_death":651,"minecraft:walk_on_water_one_cm":1211,"minecraft:total_world_time":7232,"minecraft:fall_one_cm":4223},"minecraft:mined":{"minecraft:spruce_planks":1,"minecraft:spruce_log":8,"minecraft:crafting_table":4,"minecraft:coal_ore":18,"minecraft:copper_ore":1,"minecraft:spruce_leaves":2,"minecraft:stone":15},"minecraft:picked_up":{"minecraft:crafting_table":4,"minecraft:leather":2,"minecraft:spruce_log":8,"minecraft:raw_copper":3,"minecraft:spruce_boat":1,"minecraft:spruce_planks":1,"minecraft:beef":7,"minecraft:coal":18,"minecraft:cobblestone":15},"minecraft:used":{"minecraft:spruce_boat":1,"minecraft:stone_pickaxe":22,"minecraft:spruce_planks":1,"minecraft:wooden_pickaxe":13,"minecraft:stone_axe":7,"minecraft:crafting_table":5}},"DataVersion":3953}