{"stats":{"minecraft:killed":{"minecraft:iron_golem":1,"minecraft:spider":1,"minecraft:cow":3},"minecraft:killed_by":{"minecraft:skeleton":1},"minecraft:crafted":{"minecraft:crafting_table":2,"minecraft:spruce_planks":32,"minecraft:stick":24,"minecraft:iron_pickaxe":1,"minecraft:wooden_pickaxe":2,"minecraft:stone_pickaxe":2,"minecraft:stone_sword":2,"minecraft:spruce_boat":2,"minecraft:dark_oak_planks":32,"minecraft:stone_axe":2,"minecraft:wheat":54},"minecraft:custom":{"minecraft:time_since_rest":12680,"minecraft:sprint_one_cm":30977,"minecraft:damage_taken":365,"minecraft:walk_one_cm":45110,"minecraft:mob_kills":5,"minecraft:damage_dealt":1380,"minecraft:interact_with_crafting_table":11,"minecraft:fly_one_cm":53366,"minecraft:open_chest":1,"minecraft:crouch_one_cm":2017,"minecraft:play_time":19232,"minecraft:deaths":1,"minecraft:sneak_time":993,"minecraft:walk_under_water_one_cm":1725,"minecraft:boat_one_cm":304082,"minecraft:jump":282,"minecraft:time_since_death":12651,"minecraft:walk_on_water_one_cm":1211,"minecraft:total_world_time":19232,"minecraft:fall_one_cm":9350},"minecraft:mined":{"minecraft:hay_block":6,"minecraft:spruce_planks":1,"minecraft:dark_oak_log":6,"minecraft:spruce_log":8,"minecraft:powder_snow":8,"minecraft:crafting_table":8,"minecraft:dark_oak_fence":8,"minecraft:grass_block":1,"minecraft:coal_ore":18,"minecraft:chest":1,"minecraft:dirt":4,"minecraft:copper_ore":1,"minecraft:cobblestone":4,"minecraft:spruce_leaves":2,"minecraft:stone":36,"minecraft:white_wool":8},"minecraft:picked_up":{"minecraft:crafting_table":8,"minecraft:wheat":7,"minecraft:leather":2,"minecraft:potato":4,"minecraft:spruce_log":8,"minecraft:dark_oak_log":8,"minecraft:goat_horn":1,"minecraft:string":10,"minecraft:dirt":5,"minecraft:raw_copper":3,"minecraft:experience_bottle":1,"minecraft:spruce_boat":2,"minecraft:iron_ingot":3,"minecraft:spruce_planks":1,"minecraft:hay_block":6,"minecraft:crossbow":1,"minecraft:beef":7,"minecraft:chest":1,"minecraft:dark_oak_fence":8,"minecraft:coal":18,"minecraft:white_wool":8,"minecraft:cobblestone":40},"minecraft:used":{"minecraft:spruce_boat":2,"minecraft:dark_oak_planks":8,"minecraft:stone_sword":21,"minecraft:stone_pickaxe":30,"minecraft:spruce_planks":1,"minecraft:wooden_pickaxe":33,"minecraft:stone_axe":26,"minecraft:dirt":5,"minecraft:cobblestone":9,"minecraft:crafting_table":7,"minecraft:goat_horn":1}},"DataVersion":3953}