{"stats":{"minecraft:killed":{"minecraft:spider":1,"minecraft:iron_golem":1,"minecraft:goat":2,"minecraft:zombie":43,"minecraft:cow":3},"minecraft:dropped":{"minecraft:iron_sword":2,"minecraft:crafting_table":1,"minecraft:iron_horse_armor":2,"minecraft:dark_oak_fence":8,"minecraft:snowball":3,"minecraft:snow_block":14,"minecraft:wheat":2,"minecraft:pointed_dripstone":6,"minecraft:spruce_boat":2,"minecraft:wooden_pickaxe":1},"minecraft:killed_by":{"minecraft:spider":1,"minecraft:pillager":1,"minecraft:skeleton":1},"minecraft:crafted":{"minecraft:oak_planks":26,"minecraft:cobblestone_slab":45,"minecraft:stone_shovel":1,"minecraft:furnace":1,"minecraft:cobblestone_stairs":14,"minecraft:white_carpet":3,"minecraft:hopper":1,"minecraft:iron_boots":1,"minecraft:stone_pickaxe":9,"minecraft:chest":2,"minecraft:spruce_boat":3,"minecraft:dark_oak_planks":32,"minecraft:wheat":54,"minecraft:crafting_table":3,"minecraft:spruce_planks":44,"minecraft:iron_helmet":1,"minecraft:wooden_pickaxe":2,"minecraft:stone_axe":2,"minecraft:bread":20,"minecraft:air":0,"minecraft:iron_chestplate":1,"minecraft:shield":1,"minecraft:stick":52,"minecraft:iron_ingot":37,"minecraft:iron_pickaxe":3,"minecraft:stone_sword":2,"minecraft:snow_block":16,"minecraft:iron_leggings":1,"minecraft:white_bed":2,"minecraft:torch":68,"minecraft:shears":1},"minecraft:broken":{"minecraft:stone_pickaxe":8,"minecraft:iron_pickaxe":1},"minecraft:custom":{"minecraft:mob_kills":50,"minecraft:inspect_hopper":3,"minecraft:interact_with_crafting_table":63,"minecraft:leave_game":1,"minecraft:time_since_death":94212,"minecraft:sprint_one_cm":143174,"minecraft:walk_one_cm":469736,"minecraft:damage_blocked_by_shield":60,"minecraft:drop":15,"minecraft:play_time":126447,"minecraft:deaths":3,"minecraft:sneak_time":4229,"minecraft:walk_under_water_one_cm":22737,"minecraft:boat_one_cm":390910,"minecraft:jump":1684,"minecraft:walk_on_water_one_cm":13736,"minecraft:total_world_time":126447,"minecraft:interact_with_furnace":23,"minecraft:time_since_rest":94239,"minecraft:damage_taken":895,"minecraft:damage_dealt":3739,"minecraft:swim_one_cm":73649,"minecraft:fly_one_cm":242374,"minecraft:open_chest":63,"minecraft:crouch_one_cm":11834,"minecraft:fall_one_cm":39307},"minecraft:mined":{"minecraft:spruce_planks":1,"minecraft:mossy_cobblestone":47,"minecraft:cobblestone_stairs":2,"minecraft:dark_oak_log":6,"minecraft:granite":1,"minecraft:dark_oak_fence":8,"minecraft:grass_block":12,"minecraft:spruce_leaves":12,"minecraft:hay_block":6,"minecraft:redstone_ore":13,"minecraft:furnace":5,"minecraft:iron_ore":63,"minecraft:snow":6,"minecraft:andesite":35,"minecraft:pointed_dripstone":15,"minecraft:deepslate_iron_ore":7,"minecraft:cobblestone_slab":14,"minecraft:stone":1017,"minecraft:white_wool":8,"minecraft:deepslate_redstone_ore":2,"minecraft:snow_block":16,"minecraft:powder_snow":55,"minecraft:crafting_table":21,"minecraft:torch":2,"minecraft:chest":9,"minecraft:copper_ore":4,"minecraft:cobblestone":183,"minecraft:lapis_ore":4,"minecraft:deepslate_gold_ore":7,"minecraft:diorite":9,"minecraft:wall_torch":10,"minecraft:ice":1,"minecraft:white_carpet":2,"minecraft:spruce_log":11,"minecraft:oak_log":10,"minecraft:coal_ore":109,"minecraft:dirt":32,"minecraft:gold_ore":1,"minecraft:deepslate":3,"minecraft:oak_leaves":2},"minecraft:used":{"minecraft:stone_sword":73,"minecraft:stone_shovel":73,"minecraft:spruce_planks":1,"minecraft:chest":10,"minecraft:shield":1,"minecraft:torch":56,"minecraft:dirt":25,"minecraft:white_carpet":4,"minecraft:hopper":1,"minecraft:snowball":16,"minecraft:spruce_boat":4,"minecraft:dark_oak_planks":17,"minecraft:furnace":6,"minecraft:goat_horn":2,"minecraft:water_bucket":33,"minecraft:cobblestone_stairs":18,"minecraft:snow_block":2,"minecraft:stone_pickaxe":1072,"minecraft:wooden_pickaxe":33,"minecraft:cobblestone_slab":62,"minecraft:crafting_table":22,"minecraft:white_bed":2,"minecraft:bread":8,"minecraft:iron_pickaxe":446,"minecraft:spruce_sapling":1,"minecraft:stone_axe":64,"minecraft:cobblestone":142,"minecraft:bucket":34},"minecraft:picked_up":{"minecraft:crafting_table":23,"minecraft:wheat":130,"minecraft:wooden_pickaxe":2,"minecraft:enchanted_book":3,"minecraft:shield":2,"minecraft:string":62,"minecraft:raw_copper":21,"minecraft:white_carpet":2,"minecraft:experience_bottle":5,"minecraft:cobbled_deepslate":3,"minecraft:bucket":2,"minecraft:spruce_planks":1,"minecraft:beef":7,"minecraft:cobblestone_slab":14,"minecraft:iron_pickaxe":2,"minecraft:chest":13,"minecraft:sugar_cane":21,"minecraft:furnace":5,"minecraft:stick":18,"minecraft:raw_iron":92,"minecraft:torch":13,"minecraft:pointed_dripstone":71,"minecraft:diorite":9,"minecraft:redstone":80,"minecraft:iron_horse_armor":2,"minecraft:goat_horn":5,"minecraft:dark_oak_planks":27,"minecraft:stone_sword":2,"minecraft:rotten_flesh":51,"minecraft:hay_block":6,"minecraft:cobblestone":2107,"minecraft:snowball":83,"minecraft:white_wool":28,"minecraft:andesite":69,"minecraft:leather":2,"minecraft:potato":20,"minecraft:oak_log":17,"minecraft:cobblestone_stairs":2,"minecraft:gunpowder":57,"minecraft:lapis_lazuli":23,"minecraft:dirt":88,"minecraft:bone":6,"minecraft:raw_gold":8,"minecraft:stone_pickaxe":2,"minecraft:iron_ingot":4,"minecraft:oak_planks":4,"minecraft:iron_sword":2,"minecraft:music_disc_13":3,"minecraft:spruce_sapling":1,"minecraft:spruce_log":11,"minecraft:dark_oak_log":8,"minecraft:mossy_cobblestone":141,"minecraft:pumpkin_seeds":6,"minecraft:stone_axe":2,"minecraft:spruce_boat":8,"minecraft:granite":1,"minecraft:crossbow":5,"minecraft:golden_horse_armor":3,"minecraft:oak_sapling":6,"minecraft:melon_seeds":9,"minecraft:dark_oak_fence":24,"minecraft:coal":260}},"DataVersion":3953}