{"stats":{"minecraft:killed":{"minecraft:spider":1,"minecraft:iron_golem":1,"minecraft:cow":3},"minecraft:killed_by":{"minecraft:skeleton":1,"minecraft:pillager":1},"minecraft:crafted":{"minecraft:crafting_table":2,"minecraft:spruce_planks":32,"minecraft:wooden_pickaxe":2,"minecraft:furnace":1,"minecraft:stone_axe":2,"minecraft:air":0,"minecraft:shield":1,"minecraft:stick":24,"minecraft:iron_ingot":1,"minecraft:iron_pickaxe":1,"minecraft:stone_pickaxe":2,"minecraft:stone_sword":2,"minecraft:spruce_boat":2,"minecraft:dark_oak_planks":32,"minecraft:wheat":54},"minecraft:custom":{"minecraft:interact_with_furnace":2,"minecraft:mob_kills":5,"minecraft:interact_with_crafting_table":14,"minecraft:time_since_death":5485,"minecraft:time_since_rest":5519,"minecraft:sprint_one_cm":56525,"minecraft:damage_taken":525,"minecraft:walk_one_cm":114067,"minecraft:damage_blocked_by_shield":60,"minecraft:damage_dealt":1404,"minecraft:swim_one_cm":4974,"minecraft:fly_one_cm":157173,"minecraft:open_chest":1,"minecraft:crouch_one_cm":2017,"minecraft:play_time":31232,"minecraft:deaths":2,"minecraft:sneak_time":993,"minecraft:walk_under_water_one_cm":2580,"minecraft:boat_one_cm":304082,"minecraft:jump":765,"minecraft:walk_on_water_one_cm":1343,"minecraft:total_world_time":31232,"minecraft:fall_one_cm":21974},"minecraft:mined":{"minecraft:spruce_planks":1,"minecraft:dark_oak_log":6,"minecraft:powder_snow":8,"minecraft:crafting_table":8,"minecraft:dark_oak_fence":8,"minecraft:grass_block":1,"minecraft:chest":1,"minecraft:copper_ore":1,"minecraft:cobblestone":4,"minecraft:spruce_leaves":11,"minecraft:hay_block":6,"minecraft:iron_ore":1,"minecraft:ice":1,"minecraft:spruce_log":8,"minecraft:coal_ore":60,"minecraft:dirt":4,"minecraft:stone":49,"minecraft:white_wool":8},"minecraft:used":{"minecraft:stone_sword":23,"minecraft:stone_pickaxe":87,"minecraft:wooden_pickaxe":33,"minecraft:spruce_planks":1,"minecraft:shield":1,"minecraft:dirt":5,"minecraft:crafting_table":8,"minecraft:spruce_boat":2,"minecraft:dark_oak_planks":8,"minecraft:spruce_sapling":1,"minecraft:stone_axe":26,"minecraft:cobblestone":11,"minecraft:goat_horn":1,"minecraft:furnace":1},"minecraft:picked_up":{"minecraft:crafting_table":8,"minecraft:wheat":7,"minecraft:leather":2,"minecraft:potato":4,"minecraft:dirt":5,"minecraft:string":10,"minecraft:raw_copper":3,"minecraft:experience_bottle":1,"minecraft:spruce_planks":1,"minecraft:beef":7,"minecraft:iron_ingot":3,"minecraft:chest":1,"minecraft:raw_iron":1,"minecraft:spruce_sapling":1,"minecraft:spruce_log":8,"minecraft:dark_oak_log":8,"minecraft:goat_horn":1,"minecraft:spruce_boat":2,"minecraft:hay_block":6,"minecraft:crossbow":1,"minecraft:dark_oak_fence":8,"minecraft:coal":60,"minecraft:cobblestone":53,"minecraft:white_wool":8}},"DataVersion":3953}