{"stats":{"minecraft:killed":{"minecraft:spider":1,"minecraft:iron_golem":1,"minecraft:goat":2,"minecraft:zombie":14,"minecraft:cow":3},"minecraft:dropped":{"minecraft:snow_block":14,"minecraft:iron_sword":2,"minecraft:crafting_table":1,"minecraft:wheat":2,"minecraft:pointed_dripstone":6,"minecraft:iron_horse_armor":2,"minecraft:spruce_boat":2,"minecraft:dark_oak_fence":8,"minecraft:snowball":3,"minecraft:wooden_pickaxe":1},"minecraft:killed_by":{"minecraft:skeleton":1,"minecraft:spider":1,"minecraft:pillager":1},"minecraft:crafted":{"minecraft:oak_planks":18,"minecraft:cobblestone_slab":6,"minecraft:stone_shovel":1,"minecraft:crafting_table":3,"minecraft:spruce_planks":44,"minecraft:wooden_pickaxe":2,"minecraft:furnace":1,"minecraft:stone_axe":2,"minecraft:bread":20,"minecraft:air":0,"minecraft:hopper":1,"minecraft:iron_boots":1,"minecraft:iron_chestplate":1,"minecraft:shield":1,"minecraft:stick":44,"minecraft:iron_ingot":33,"minecraft:iron_pickaxe":2,"minecraft:stone_pickaxe":9,"minecraft:stone_sword":2,"minecraft:snow_block":16,"minecraft:chest":1,"minecraft:white_bed":2,"minecraft:spruce_boat":3,"minecraft:dark_oak_planks":32,"minecraft:torch":36,"minecraft:shears":1,"minecraft:wheat":54},"minecraft:broken":{"minecraft:stone_pickaxe":7},"minecraft:custom":{"minecraft:interact_with_furnace":16,"minecraft:mob_kills":21,"minecraft:interact_with_crafting_table":41,"minecraft:time_since_death":58997,"minecraft:time_since_rest":59024,"minecraft:sprint_one_cm":122098,"minecraft:damage_taken":850,"minecraft:walk_one_cm":341041,"minecraft:damage_blocked_by_shield":60,"minecraft:drop":15,"minecraft:damage_dealt":2978,"minecraft:swim_one_cm":28993,"minecraft:fly_one_cm":231697,"minecraft:open_chest":16,"minecraft:crouch_one_cm":8513,"minecraft:play_time":91232,"minecraft:deaths":3,"minecraft:sneak_time":2809,"minecraft:walk_under_water_one_cm":10003,"minecraft:boat_one_cm":390910,"minecraft:jump":1416,"minecraft:walk_on_water_one_cm":10724,"minecraft:total_world_time":91232,"minecraft:fall_one_cm":34939},"minecraft:mined":{"minecraft:spruce_planks":1,"minecraft:mossy_cobblestone":47,"minecraft:snow_block":16,"minecraft:dark_oak_log":6,"minecraft:powder_snow":55,"minecraft:crafting_table":21,"minecraft:torch":2,"minecraft:dark_oak_fence":8,"minecraft:grass_block":12,"minecraft:chest":9,"minecraft:copper_ore":4,"minecraft:cobblestone":131,"minecraft:spruce_leaves":12,"minecraft:wall_torch":10,"minecraft:hay_block":6,"minecraft:furnace":5,"minecraft:iron_ore":33,"minecraft:snow":6,"minecraft:ice":1,"minecraft:spruce_log":11,"minecraft:andesite":34,"minecraft:pointed_dripstone":13,"minecraft:oak_log":10,"minecraft:coal_ore":87,"minecraft:cobblestone_slab":9,"minecraft:dirt":32,"minecraft:stone":884,"minecraft:white_wool":8,"minecraft:oak_leaves":2},"minecraft:used":{"minecraft:water_bucket":30,"minecraft:stone_sword":50,"minecraft:snow_block":2,"minecraft:stone_shovel":73,"minecraft:stone_pickaxe":1047,"minecraft:chest":8,"minecraft:wooden_pickaxe":33,"minecraft:spruce_planks":1,"minecraft:shield":1,"minecraft:cobblestone_slab":12,"minecraft:torch":43,"minecraft:dirt":25,"minecraft:crafting_table":22,"minecraft:white_bed":2,"minecraft:snowball":16,"minecraft:spruce_boat":4,"minecraft:dark_oak_planks":17,"minecraft:bread":5,"minecraft:iron_pickaxe":176,"minecraft:spruce_sapling":1,"minecraft:stone_axe":62,"minecraft:cobblestone":84,"minecraft:goat_horn":2,"minecraft:furnace":6,"minecraft:bucket":31},"minecraft:picked_up":{"minecraft:crafting_table":23,"minecraft:wheat":130,"minecraft:andesite":68,"minecraft:leather":2,"minecraft:wooden_pickaxe":2,"minecraft:potato":16,"minecraft:enchanted_book":3,"minecraft:oak_log":17,"minecraft:shield":2,"minecraft:gunpowder":57,"minecraft:dirt":69,"minecraft:string":62,"minecraft:raw_copper":21,"minecraft:bone":6,"minecraft:experience_bottle":4,"minecraft:bucket":2,"minecraft:spruce_planks":1,"minecraft:stone_pickaxe":2,"minecraft:beef":7,"minecraft:iron_ingot":4,"minecraft:cobblestone_slab":9,"minecraft:iron_pickaxe":2,"minecraft:oak_planks":4,"minecraft:sugar_cane":14,"minecraft:chest":13,"minecraft:iron_sword":2,"minecraft:furnace":5,"minecraft:stick":18,"minecraft:raw_iron":55,"minecraft:music_disc_13":3,"minecraft:torch":12,"minecraft:spruce_sapling":1,"minecraft:pointed_dripstone":69,"minecraft:mossy_cobblestone":141,"minecraft:spruce_log":11,"minecraft:iron_horse_armor":2,"minecraft:redstone":9,"minecraft:dark_oak_log":8,"minecraft:goat_horn":5,"minecraft:dark_oak_planks":27,"minecraft:pumpkin_seeds":6,"minecraft:stone_sword":2,"minecraft:rotten_flesh":44,"minecraft:stone_axe":2,"minecraft:spruce_boat":8,"minecraft:hay_block":6,"minecraft:crossbow":5,"minecraft:golden_horse_armor":2,"minecraft:oak_sapling":6,"minecraft:melon_seeds":9,"minecraft:snowball":83,"minecraft:dark_oak_fence":24,"minecraft:coal":238,"minecraft:cobblestone":1826,"minecraft:white_wool":28}},"DataVersion":3953}