{"stats":{"minecraft:killed":{"minecraft:spider":1,"minecraft:iron_golem":1,"minecraft:goat":2,"minecraft:zombie":18,"minecraft:cow":3},"minecraft:dropped":{"minecraft:snow_block":14,"minecraft:iron_sword":2,"minecraft:crafting_table":1,"minecraft:wheat":2,"minecraft:pointed_dripstone":6,"minecraft:iron_horse_armor":2,"minecraft:spruce_boat":2,"minecraft:dark_oak_fence":8,"minecraft:snowball":3,"minecraft:wooden_pickaxe":1},"minecraft:killed_by":{"minecraft:skeleton":1,"minecraft:spider":1,"minecraft:pillager":1},"minecraft:crafted":{"minecraft:oak_planks":22,"minecraft:cobblestone_slab":33,"minecraft:stone_shovel":1,"minecraft:crafting_table":3,"minecraft:spruce_planks":44,"minecraft:wooden_pickaxe":2,"minecraft:furnace":1,"minecraft:cobblestone_stairs":14,"minecraft:stone_axe":2,"minecraft:white_carpet":3,"minecraft:bread":20,"minecraft:air":0,"minecraft:hopper":1,"minecraft:iron_boots":1,"minecraft:iron_chestplate":1,"minecraft:shield":1,"minecraft:stick":44,"minecraft:stone_pickaxe":9,"minecraft:iron_pickaxe":2,"minecraft:iron_ingot":33,"minecraft:stone_sword":2,"minecraft:snow_block":16,"minecraft:chest":2,"minecraft:white_bed":2,"minecraft:spruce_boat":3,"minecraft:dark_oak_planks":32,"minecraft:torch":44,"minecraft:shears":1,"minecraft:wheat":54},"minecraft:broken":{"minecraft:stone_pickaxe":8,"minecraft:iron_pickaxe":1},"minecraft:custom":{"minecraft:interact_with_furnace":16,"minecraft:mob_kills":25,"minecraft:interact_with_crafting_table":51,"minecraft:leave_game":1,"minecraft:time_since_death":70212,"minecraft:time_since_rest":70239,"minecraft:sprint_one_cm":127279,"minecraft:damage_taken":885,"minecraft:walk_one_cm":379558,"minecraft:damage_blocked_by_shield":60,"minecraft:drop":15,"minecraft:damage_dealt":3110,"minecraft:swim_one_cm":41277,"minecraft:fly_one_cm":233441,"minecraft:open_chest":32,"minecraft:play_time":102447,"minecraft:crouch_one_cm":9396,"minecraft:deaths":3,"minecraft:sneak_time":3038,"minecraft:walk_under_water_one_cm":11469,"minecraft:boat_one_cm":390910,"minecraft:jump":1473,"minecraft:walk_on_water_one_cm":10868,"minecraft:total_world_time":102447,"minecraft:fall_one_cm":35148},"minecraft:mined":{"minecraft:spruce_planks":1,"minecraft:mossy_cobblestone":47,"minecraft:snow_block":16,"minecraft:cobblestone_stairs":2,"minecraft:dark_oak_log":6,"minecraft:powder_snow":55,"minecraft:crafting_table":21,"minecraft:torch":2,"minecraft:dark_oak_fence":8,"minecraft:grass_block":12,"minecraft:chest":9,"minecraft:copper_ore":4,"minecraft:cobblestone":165,"minecraft:spruce_leaves":12,"minecraft:wall_torch":10,"minecraft:hay_block":6,"minecraft:furnace":5,"minecraft:iron_ore":33,"minecraft:snow":6,"minecraft:ice":1,"minecraft:spruce_log":11,"minecraft:andesite":35,"minecraft:coal_ore":87,"minecraft:pointed_dripstone":13,"minecraft:oak_log":10,"minecraft:cobblestone_slab":10,"minecraft:dirt":32,"minecraft:stone":960,"minecraft:white_wool":8,"minecraft:oak_leaves":2},"minecraft:used":{"minecraft:water_bucket":30,"minecraft:stone_sword":55,"minecraft:cobblestone_stairs":16,"minecraft:snow_block":2,"minecraft:stone_shovel":73,"minecraft:stone_pickaxe":1072,"minecraft:chest":10,"minecraft:spruce_planks":1,"minecraft:wooden_pickaxe":33,"minecraft:shield":1,"minecraft:cobblestone_slab":37,"minecraft:torch":49,"minecraft:dirt":25,"minecraft:white_carpet":3,"minecraft:hopper":1,"minecraft:crafting_table":22,"minecraft:white_bed":2,"minecraft:snowball":16,"minecraft:spruce_boat":4,"minecraft:dark_oak_planks":17,"minecraft:bread":6,"minecraft:iron_pickaxe":265,"minecraft:spruce_sapling":1,"minecraft:stone_axe":62,"minecraft:cobblestone":104,"minecraft:goat_horn":2,"minecraft:furnace":6,"minecraft:bucket":31},"minecraft:picked_up":{"minecraft:crafting_table":23,"minecraft:wheat":130,"minecraft:andesite":69,"minecraft:leather":2,"minecraft:wooden_pickaxe":2,"minecraft:potato":20,"minecraft:enchanted_book":3,"minecraft:oak_log":17,"minecraft:shield":2,"minecraft:gunpowder":57,"minecraft:cobblestone_stairs":2,"minecraft:string":62,"minecraft:dirt":88,"minecraft:raw_copper":21,"minecraft:bone":6,"minecraft:experience_bottle":5,"minecraft:bucket":2,"minecraft:spruce_planks":1,"minecraft:iron_ingot":4,"minecraft:beef":7,"minecraft:stone_pickaxe":2,"minecraft:cobblestone_slab":10,"minecraft:iron_pickaxe":2,"minecraft:sugar_cane":21,"minecraft:chest":13,"minecraft:iron_sword":2,"minecraft:oak_planks":4,"minecraft:furnace":5,"minecraft:stick":18,"minecraft:raw_iron":55,"minecraft:music_disc_13":3,"minecraft:torch":13,"minecraft:spruce_sapling":1,"minecraft:pointed_dripstone":69,"minecraft:spruce_log":11,"minecraft:redstone":9,"minecraft:dark_oak_log":8,"minecraft:iron_horse_armor":2,"minecraft:goat_horn":5,"minecraft:mossy_cobblestone":141,"minecraft:dark_oak_planks":27,"minecraft:stone_sword":2,"minecraft:pumpkin_seeds":6,"minecraft:rotten_flesh":47,"minecraft:spruce_boat":8,"minecraft:stone_axe":2,"minecraft:hay_block":6,"minecraft:crossbow":5,"minecraft:golden_horse_armor":3,"minecraft:oak_sapling":6,"minecraft:melon_seeds":9,"minecraft:dark_oak_fence":24,"minecraft:white_wool":28,"minecraft:coal":238,"minecraft:snowball":83,"minecraft:cobblestone":2034}},"DataVersion":3953}