{"stats":{"minecraft:killed":{"minecraft:pig":2},"minecraft:dropped":{"minecraft:wheat_seeds":1,"minecraft:white_carpet":9,"minecraft:light_gray_carpet":3,"minecraft:spruce_sapling":1},"minecraft:crafted":{"minecraft:cooked_porkchop":2,"minecraft:crafting_table":1,"minecraft:spruce_planks":16,"minecraft:stick":8,"minecraft:wooden_pickaxe":1,"minecraft:stone_pickaxe":1,"minecraft:furnace":1,"minecraft:spruce_boat":1,"minecraft:stone_axe":1,"minecraft:air":0},"minecraft:custom":{"minecraft:time_since_rest":575,"minecraft:interact_with_furnace":6,"minecraft:sprint_one_cm":44766,"minecraft:damage_taken":190,"minecraft:walk_one_cm":28592,"minecraft:mob_kills":2,"minecraft:drop":4,"minecraft:damage_dealt":235,"minecraft:interact_with_crafting_table":5,"minecraft:fly_one_cm":40025,"minecraft:crouch_one_cm":232,"minecraft:play_time":15329,"minecraft:sneak_time":168,"minecraft:boat_one_cm":12973,"minecraft:jump":344,"minecraft:time_since_death":15329,"minecraft:walk_on_water_one_cm":3606,"minecraft:sleep_in_bed":1,"minecraft:total_world_time":15329,"minecraft:fall_one_cm":7823},"minecraft:mined":{"minecraft:light_gray_carpet":3,"minecraft:furnace":2,"minecraft:iron_ore":10,"minecraft:white_carpet":9,"minecraft:spruce_log":15,"minecraft:crafting_table":4,"minecraft:short_grass":1,"minecraft:grass_block":3,"minecraft:coal_ore":50,"minecraft:dirt":6,"minecraft:cobblestone":5,"minecraft:spruce_leaves":2,"minecraft:stone":29,"minecraft:fern":2},"minecraft:picked_up":{"minecraft:crafting_table":4,"minecraft:stick":1,"minecraft:raw_iron":9,"minecraft:porkchop":2,"minecraft:spruce_sapling":1,"minecraft:spruce_log":15,"minecraft:dirt":9,"minecraft:white_carpet":9,"minecraft:spruce_boat":1,"minecraft:wheat_seeds":1,"minecraft:redstone_torch":1,"minecraft:light_gray_carpet":3,"minecraft:coal":78,"minecraft:cobblestone":38,"minecraft:furnace":2},"minecraft:used":{"minecraft:redstone_torch":1,"minecraft:spruce_boat":1,"minecraft:stone_pickaxe":96,"minecraft:wooden_pickaxe":20,"minecraft:stone_axe":16,"minecraft:dirt":9,"minecraft:cobblestone":2,"minecraft:crafting_table":4,"minecraft:furnace":3,"minecraft:cooked_porkchop":2}},"DataVersion":3953}