{"stats":{"minecraft:killed":{"minecraft:pig":2,"minecraft:skeleton":1,"minecraft:zombie":5},"minecraft:dropped":{"minecraft:stone_axe":1,"minecraft:wheat_seeds":1,"minecraft:cobblestone":22,"minecraft:white_carpet":18,"minecraft:rotten_flesh":4,"minecraft:light_gray_carpet":3,"minecraft:wooden_pickaxe":1,"minecraft:stone_pickaxe":1,"minecraft:spruce_sapling":1},"minecraft:killed_by":{"minecraft:zombie":1},"minecraft:crafted":{"minecraft:cooked_porkchop":2,"minecraft:crafting_table":1,"minecraft:spruce_planks":28,"minecraft:wooden_pickaxe":1,"minecraft:iron_sword":1,"minecraft:furnace":1,"minecraft:stone_axe":1,"minecraft:bread":8,"minecraft:air":0,"minecraft:shield":1,"minecraft:iron_axe":1,"minecraft:stick":16,"minecraft:iron_ingot":9,"minecraft:iron_pickaxe":1,"minecraft:stone_pickaxe":1,"minecraft:spruce_boat":1},"minecraft:custom":{"minecraft:interact_with_furnace":10,"minecraft:mob_kills":8,"minecraft:interact_with_crafting_table":9,"minecraft:time_since_death":17430,"minecraft:sleep_in_bed":2,"minecraft:time_since_rest":3730,"minecraft:sprint_one_cm":139615,"minecraft:damage_taken":880,"minecraft:walk_one_cm":74205,"minecraft:damage_blocked_by_shield":420,"minecraft:drop":12,"minecraft:damage_dealt":1402,"minecraft:swim_one_cm":2841,"minecraft:fly_one_cm":194241,"minecraft:open_chest":17,"minecraft:crouch_one_cm":469,"minecraft:play_time":39329,"minecraft:deaths":1,"minecraft:sneak_time":226,"minecraft:walk_under_water_one_cm":751,"minecraft:boat_one_cm":12973,"minecraft:jump":1388,"minecraft:walk_on_water_one_cm":4761,"minecraft:total_world_time":39329,"minecraft:fall_one_cm":17855},"minecraft:mined":{"minecraft:dark_oak_planks":6,"minecraft:light_gray_carpet":6,"minecraft:red_bed":2,"minecraft:powder_snow":1,"minecraft:crafting_table":7,"minecraft:short_grass":1,"minecraft:grass_block":3,"minecraft:jungle_planks":2,"minecraft:cobblestone":7,"minecraft:spruce_leaves":2,"minecraft:spawner":1,"minecraft:furnace":5,"minecraft:iron_ore":10,"minecraft:ice":2,"minecraft:white_carpet":18,"minecraft:spruce_log":15,"minecraft:coal_ore":50,"minecraft:sand":52,"minecraft:dirt":6,"minecraft:stone":29,"minecraft:spruce_slab":2,"minecraft:fern":2},"minecraft:used":{"minecraft:spruce_slab":1,"minecraft:stone_pickaxe":98,"minecraft:wooden_pickaxe":20,"minecraft:shield":10,"minecraft:iron_sword":24,"minecraft:dirt":9,"minecraft:crafting_table":6,"minecraft:jungle_planks":2,"minecraft:carrot":1,"minecraft:redstone_torch":1,"minecraft:spruce_boat":1,"minecraft:bread":10,"minecraft:iron_axe":13,"minecraft:iron_pickaxe":5,"minecraft:stone_axe":18,"minecraft:cobblestone":4,"minecraft:furnace":3,"minecraft:cooked_porkchop":2,"minecraft:potato":10},"minecraft:picked_up":{"minecraft:crafting_table":8,"minecraft:wooden_pickaxe":1,"minecraft:shield":1,"minecraft:dirt":9,"minecraft:red_bed":2,"minecraft:iron_axe":1,"minecraft:white_carpet":18,"minecraft:wheat_seeds":1,"minecraft:spruce_planks":2,"minecraft:stone_pickaxe":1,"minecraft:redstone_torch":1,"minecraft:iron_pickaxe":1,"minecraft:spruce_slab":2,"minecraft:iron_sword":1,"minecraft:furnace":7,"minecraft:stick":7,"minecraft:raw_iron":9,"minecraft:sand":47,"minecraft:jungle_planks":2,"minecraft:porkchop":2,"minecraft:spruce_sapling":1,"minecraft:spruce_log":23,"minecraft:carrot":1,"minecraft:dark_oak_planks":6,"minecraft:rotten_flesh":4,"minecraft:spruce_boat":2,"minecraft:stone_axe":1,"minecraft:light_gray_carpet":6,"minecraft:coal":125,"minecraft:cobblestone":62}},"DataVersion":3953}