{"stats":{"minecraft:killed":{"minecraft:pig":2,"minecraft:zombie":3},"minecraft:dropped":{"minecraft:wheat_seeds":1,"minecraft:cobblestone":22,"minecraft:white_carpet":9,"minecraft:rotten_flesh":4,"minecraft:light_gray_carpet":3,"minecraft:spruce_sapling":1},"minecraft:killed_by":{"minecraft:zombie":1},"minecraft:crafted":{"minecraft:cooked_porkchop":2,"minecraft:crafting_table":1,"minecraft:spruce_planks":28,"minecraft:wooden_pickaxe":1,"minecraft:iron_sword":1,"minecraft:furnace":1,"minecraft:stone_axe":1,"minecraft:air":0,"minecraft:shield":1,"minecraft:iron_axe":1,"minecraft:stick":16,"minecraft:iron_ingot":9,"minecraft:iron_pickaxe":1,"minecraft:stone_pickaxe":1,"minecraft:spruce_boat":1},"minecraft:custom":{"minecraft:interact_with_furnace":10,"minecraft:mob_kills":5,"minecraft:interact_with_crafting_table":7,"minecraft:time_since_death":5430,"minecraft:sleep_in_bed":1,"minecraft:time_since_rest":5465,"minecraft:sprint_one_cm":61559,"minecraft:damage_taken":540,"minecraft:walk_one_cm":52746,"minecraft:damage_blocked_by_shield":180,"minecraft:drop":8,"minecraft:damage_dealt":832,"minecraft:swim_one_cm":1168,"minecraft:fly_one_cm":95807,"minecraft:open_chest":4,"minecraft:crouch_one_cm":291,"minecraft:play_time":27329,"minecraft:deaths":1,"minecraft:sneak_time":188,"minecraft:walk_under_water_one_cm":359,"minecraft:boat_one_cm":12973,"minecraft:jump":1003,"minecraft:walk_on_water_one_cm":4488,"minecraft:total_world_time":27329,"minecraft:fall_one_cm":8717},"minecraft:mined":{"minecraft:dark_oak_planks":6,"minecraft:light_gray_carpet":3,"minecraft:red_bed":1,"minecraft:crafting_table":4,"minecraft:short_grass":1,"minecraft:grass_block":3,"minecraft:jungle_planks":2,"minecraft:cobblestone":7,"minecraft:spruce_leaves":2,"minecraft:furnace":4,"minecraft:iron_ore":10,"minecraft:ice":2,"minecraft:white_carpet":9,"minecraft:spruce_log":15,"minecraft:coal_ore":50,"minecraft:sand":52,"minecraft:dirt":6,"minecraft:stone":29,"minecraft:spruce_slab":2,"minecraft:fern":2},"minecraft:used":{"minecraft:spruce_slab":1,"minecraft:stone_pickaxe":98,"minecraft:wooden_pickaxe":20,"minecraft:shield":6,"minecraft:iron_sword":12,"minecraft:dirt":9,"minecraft:crafting_table":4,"minecraft:jungle_planks":2,"minecraft:carrot":1,"minecraft:redstone_torch":1,"minecraft:spruce_boat":1,"minecraft:iron_axe":10,"minecraft:iron_pickaxe":3,"minecraft:stone_axe":18,"minecraft:cobblestone":2,"minecraft:furnace":3,"minecraft:cooked_porkchop":2,"minecraft:potato":9},"minecraft:picked_up":{"minecraft:crafting_table":5,"minecraft:wooden_pickaxe":1,"minecraft:shield":1,"minecraft:dirt":9,"minecraft:red_bed":1,"minecraft:iron_axe":1,"minecraft:white_carpet":9,"minecraft:wheat_seeds":1,"minecraft:spruce_planks":2,"minecraft:stone_pickaxe":1,"minecraft:redstone_torch":1,"minecraft:iron_pickaxe":1,"minecraft:spruce_slab":2,"minecraft:iron_sword":1,"minecraft:furnace":6,"minecraft:stick":7,"minecraft:raw_iron":9,"minecraft:sand":46,"minecraft:jungle_planks":2,"minecraft:porkchop":2,"minecraft:spruce_sapling":1,"minecraft:spruce_log":23,"minecraft:carrot":1,"minecraft:dark_oak_planks":6,"minecraft:rotten_flesh":4,"minecraft:spruce_boat":2,"minecraft:stone_axe":1,"minecraft:light_gray_carpet":3,"minecraft:coal":125,"minecraft:cobblestone":62}},"DataVersion":3953}