{"stats":{"minecraft:killed":{"minecraft:pig":2,"minecraft:skeleton":2,"minecraft:zombie":8,"minecraft:villager":1},"minecraft:dropped":{"minecraft:bread":1,"minecraft:stone_axe":1,"minecraft:wheat_seeds":3,"minecraft:wheat":1,"minecraft:cobblestone":22,"minecraft:white_carpet":18,"minecraft:rotten_flesh":4,"minecraft:light_gray_carpet":3,"minecraft:dirt":1,"minecraft:spruce_planks":2,"minecraft:wooden_pickaxe":1,"minecraft:stone_pickaxe":1,"minecraft:music_disc_cat":1,"minecraft:spruce_sapling":1},"minecraft:killed_by":{"minecraft:zombie":1},"minecraft:crafted":{"minecraft:cooked_porkchop":2,"minecraft:crafting_table":1,"minecraft:spruce_planks":28,"minecraft:wooden_pickaxe":1,"minecraft:iron_sword":1,"minecraft:furnace":1,"minecraft:stone_axe":1,"minecraft:bread":8,"minecraft:air":0,"minecraft:shield":1,"minecraft:iron_axe":1,"minecraft:stick":16,"minecraft:iron_ingot":12,"minecraft:iron_pickaxe":1,"minecraft:stone_pickaxe":1,"minecraft:spruce_boat":1},"minecraft:custom":{"minecraft:interact_with_furnace":10,"minecraft:mob_kills":13,"minecraft:interact_with_crafting_table":10,"minecraft:time_since_death":53430,"minecraft:sleep_in_bed":3,"minecraft:time_since_rest":14004,"minecraft:sprint_one_cm":284241,"minecraft:damage_taken":1246,"minecraft:walk_one_cm":147944,"minecraft:damage_blocked_by_shield":690,"minecraft:drop":19,"minecraft:damage_dealt":2273,"minecraft:talked_to_villager":1,"minecraft:swim_one_cm":2841,"minecraft:fly_one_cm":290948,"minecraft:open_chest":20,"minecraft:crouch_one_cm":1787,"minecraft:play_time":75329,"minecraft:deaths":1,"minecraft:sneak_time":550,"minecraft:walk_under_water_one_cm":751,"minecraft:boat_one_cm":12973,"minecraft:jump":1947,"minecraft:walk_on_water_one_cm":4761,"minecraft:total_world_time":75329,"minecraft:fall_one_cm":30395},"minecraft:mined":{"minecraft:dark_oak_planks":6,"minecraft:light_gray_carpet":6,"minecraft:red_bed":2,"minecraft:cherry_log":61,"minecraft:powder_snow":1,"minecraft:crafting_table":8,"minecraft:short_grass":5,"minecraft:blast_furnace":1,"minecraft:grass_block":20,"minecraft:jungle_planks":2,"minecraft:cobblestone":7,"minecraft:spruce_leaves":4,"minecraft:spawner":1,"minecraft:pink_petals":54,"minecraft:purple_bed":2,"minecraft:furnace":5,"minecraft:iron_ore":10,"minecraft:ice":2,"minecraft:white_carpet":18,"minecraft:spruce_log":15,"minecraft:coal_ore":50,"minecraft:cherry_leaves":48,"minecraft:dirt_path":2,"minecraft:sand":52,"minecraft:dirt":21,"minecraft:stone":29,"minecraft:oak_leaves":2,"minecraft:spruce_slab":2,"minecraft:fern":2},"minecraft:used":{"minecraft:spruce_slab":1,"minecraft:stone_pickaxe":98,"minecraft:wooden_pickaxe":20,"minecraft:shield":14,"minecraft:iron_sword":43,"minecraft:iron_chestplate":1,"minecraft:dirt":22,"minecraft:crafting_table":7,"minecraft:jungle_planks":2,"minecraft:carrot":1,"minecraft:redstone_torch":1,"minecraft:spruce_boat":1,"minecraft:dark_oak_planks":6,"minecraft:bread":23,"minecraft:iron_axe":79,"minecraft:iron_pickaxe":6,"minecraft:stone_axe":18,"minecraft:purple_bed":1,"minecraft:pink_petals":134,"minecraft:cobblestone":4,"minecraft:furnace":3,"minecraft:cooked_porkchop":2,"minecraft:potato":10},"minecraft:picked_up":{"minecraft:pink_petals":151,"minecraft:crafting_table":9,"minecraft:wooden_pickaxe":1,"minecraft:shield":1,"minecraft:dirt":42,"minecraft:red_bed":2,"minecraft:iron_axe":1,"minecraft:white_carpet":18,"minecraft:wheat_seeds":3,"minecraft:spruce_planks":2,"minecraft:stone_pickaxe":1,"minecraft:redstone_torch":1,"minecraft:iron_pickaxe":1,"minecraft:spruce_slab":2,"minecraft:iron_sword":1,"minecraft:furnace":7,"minecraft:stick":27,"minecraft:raw_iron":9,"minecraft:sand":47,"minecraft:jungle_planks":2,"minecraft:porkchop":2,"minecraft:cherry_log":61,"minecraft:spruce_sapling":1,"minecraft:blast_furnace":1,"minecraft:spruce_log":23,"minecraft:carrot":1,"minecraft:dark_oak_planks":6,"minecraft:purple_bed":2,"minecraft:rotten_flesh":4,"minecraft:spruce_boat":2,"minecraft:stone_axe":1,"minecraft:cherry_sapling":20,"minecraft:bread":1,"minecraft:light_gray_carpet":6,"minecraft:coal":125,"minecraft:cobblestone":62}},"DataVersion":3953}