{"stats":{"minecraft:crafted":{"minecraft:crafting_table":1,"minecraft:spruce_planks":48,"minecraft:stick":12,"minecraft:wooden_pickaxe":1},"minecraft:mined":{"minecraft:grass_block":1,"minecraft:dirt":3,"minecraft:spruce_leaves":5,"minecraft:spruce_log":12,"minecraft:stone":18},"minecraft:custom":{"minecraft:time_since_rest":2604,"minecraft:play_time":2604,"minecraft:sprint_one_cm":1327,"minecraft:walk_one_cm":4682,"minecraft:jump":11,"minecraft:time_since_death":2604,"minecraft:leave_game":1,"minecraft:total_world_time":2604,"minecraft:interact_with_crafting_table":3,"minecraft:fall_one_cm":418,"minecraft:fly_one_cm":1491},"minecraft:picked_up":{"minecraft:spruce_log":12,"minecraft:dirt":4,"minecraft:cobblestone":18},"minecraft:used":{"minecraft:crafting_table":1,"minecraft:wooden_pickaxe":23}},"DataVersion":3953}