{"stats":{"minecraft:killed":{"minecraft:spider":1,"minecraft:skeleton":2,"minecraft:zombie":6},"minecraft:dropped":{"minecraft:stone_axe":1,"minecraft:detector_rail":1,"minecraft:bowl":1,"minecraft:rotten_flesh":14,"minecraft:activator_rail":7,"minecraft:gunpowder":8,"minecraft:spruce_planks":11,"minecraft:andesite":8,"minecraft:arrow":2,"minecraft:iron_pickaxe":1},"minecraft:killed_by":{"minecraft:cave_spider":1},"minecraft:crafted":{"minecraft:stone_shovel":1,"minecraft:crafting_table":1,"minecraft:spruce_planks":36,"minecraft:wooden_pickaxe":1,"minecraft:furnace":1,"minecraft:stone_axe":1,"minecraft:air":0,"minecraft:iron_boots":1,"minecraft:iron_chestplate":1,"minecraft:shield":1,"minecraft:stick":16,"minecraft:iron_ingot":36,"minecraft:iron_pickaxe":2,"minecraft:stone_pickaxe":1,"minecraft:iron_leggings":1,"minecraft:torch":16},"minecraft:broken":{"minecraft:iron_pickaxe":1},"minecraft:custom":{"minecraft:interact_with_furnace":11,"minecraft:mob_kills":9,"minecraft:interact_with_crafting_table":17,"minecraft:leave_game":1,"minecraft:time_since_death":30409,"minecraft:climb_one_cm":1822,"minecraft:time_since_rest":30437,"minecraft:sprint_one_cm":152414,"minecraft:damage_taken":576,"minecraft:walk_one_cm":165097,"minecraft:damage_blocked_by_shield":909,"minecraft:drop":10,"minecraft:damage_dealt":2122,"minecraft:swim_one_cm":21259,"minecraft:fly_one_cm":241768,"minecraft:open_chest":11,"minecraft:crouch_one_cm":12465,"minecraft:play_time":51718,"minecraft:deaths":1,"minecraft:sneak_time":4790,"minecraft:walk_under_water_one_cm":1676,"minecraft:jump":1119,"minecraft:interact_with_brewingstand":1,"minecraft:walk_on_water_one_cm":10590,"minecraft:total_world_time":51718,"minecraft:fall_one_cm":17681},"minecraft:mined":{"minecraft:deepslate_redstone_ore":2,"minecraft:red_bed":1,"minecraft:brewing_stand":1,"minecraft:crafting_table":5,"minecraft:oak_fence":4,"minecraft:torch":6,"minecraft:granite":29,"minecraft:grass_block":7,"minecraft:chest":2,"minecraft:deepslate_coal_ore":1,"minecraft:deepslate_gold_ore":11,"minecraft:lapis_ore":1,"minecraft:oak_planks":31,"minecraft:wall_torch":8,"minecraft:furnace":2,"minecraft:iron_ore":28,"minecraft:cobbled_deepslate":1,"minecraft:white_carpet":2,"minecraft:spruce_log":9,"minecraft:andesite":9,"minecraft:deepslate_lapis_ore":3,"minecraft:water_cauldron":1,"minecraft:coal_ore":7,"minecraft:deepslate_iron_ore":33,"minecraft:rail":13,"minecraft:gravel":14,"minecraft:dirt":15,"minecraft:stone":215,"minecraft:gold_ore":8,"minecraft:deepslate":22},"minecraft:used":{"minecraft:stone_shovel":26,"minecraft:stone_pickaxe":20,"minecraft:shield":14,"minecraft:chest":2,"minecraft:wooden_pickaxe":19,"minecraft:rotten_flesh":18,"minecraft:iron_chestplate":1,"minecraft:torch":70,"minecraft:dirt":16,"minecraft:crafting_table":5,"minecraft:bread":3,"minecraft:suspicious_stew":1,"minecraft:iron_pickaxe":361,"minecraft:iron_boots":1,"minecraft:stone_axe":83,"minecraft:cobblestone":53,"minecraft:furnace":2,"minecraft:cobbled_deepslate":20,"minecraft:golden_axe":1},"minecraft:picked_up":{"minecraft:iron_chestplate":1,"minecraft:crafting_table":5,"minecraft:wheat":9,"minecraft:andesite":10,"minecraft:chest_minecart":7,"minecraft:brewing_stand":1,"minecraft:shield":1,"minecraft:gunpowder":8,"minecraft:red_bed":1,"minecraft:lapis_lazuli":33,"minecraft:string":1,"minecraft:dirt":16,"minecraft:name_tag":5,"minecraft:iron_leggings":1,"minecraft:bone":10,"minecraft:activator_rail":6,"minecraft:cobbled_deepslate":35,"minecraft:raw_gold":31,"minecraft:spruce_planks":56,"minecraft:iron_ingot":11,"minecraft:iron_pickaxe":2,"minecraft:chest":2,"minecraft:oak_planks":51,"minecraft:iron_boots":1,"minecraft:furnace":2,"minecraft:stick":2,"minecraft:raw_iron":88,"minecraft:oak_fence":4,"minecraft:torch":68,"minecraft:spruce_log":9,"minecraft:redstone":20,"minecraft:cauldron":1,"minecraft:spider_eye":1,"minecraft:stone_shovel":1,"minecraft:pumpkin_seeds":12,"minecraft:arrow":3,"minecraft:rotten_flesh":52,"minecraft:diamond":4,"minecraft:stone_axe":1,"minecraft:beetroot_seeds":9,"minecraft:granite":29,"minecraft:golden_apple":2,"minecraft:saddle":1,"minecraft:golden_horse_armor":1,"minecraft:bread":3,"minecraft:melon_seeds":18,"minecraft:glow_berries":10,"minecraft:mutton":4,"minecraft:coal":9,"minecraft:rail":101,"minecraft:cobblestone":221}},"DataVersion":3953}