{"stats":{"minecraft:killed":{"minecraft:spider":1,"minecraft:skeleton":4,"minecraft:zombie":8},"minecraft:dropped":{"minecraft:glass_bottle":1,"minecraft:diamond":1,"minecraft:activator_rail":7,"minecraft:golden_apple":2,"minecraft:red_bed":1,"minecraft:dark_oak_fence":8,"minecraft:oak_stairs":1,"minecraft:sand":31,"minecraft:iron_pickaxe":1,"minecraft:dandelion":1,"minecraft:furnace":1,"minecraft:stone_axe":1,"minecraft:detector_rail":1,"minecraft:bowl":1,"minecraft:wheat":1,"minecraft:stone_shovel":1,"minecraft:rotten_flesh":16,"minecraft:filled_map":1,"minecraft:potato":4,"minecraft:spruce_boat":1,"minecraft:gunpowder":8,"minecraft:spruce_planks":11,"minecraft:andesite":8,"minecraft:oak_sapling":6,"minecraft:sandstone":22,"minecraft:arrow":4},"minecraft:killed_by":{"minecraft:cave_spider":1},"minecraft:crafted":{"minecraft:stone_shovel":1,"minecraft:furnace":2,"minecraft:diamond_shovel":1,"minecraft:iron_boots":1,"minecraft:iron_axe":1,"minecraft:stone_pickaxe":1,"minecraft:chest":2,"minecraft:wheat":36,"minecraft:crafting_table":2,"minecraft:spruce_planks":36,"minecraft:iron_helmet":1,"minecraft:wooden_pickaxe":1,"minecraft:stone_axe":1,"minecraft:bread":16,"minecraft:air":0,"minecraft:oak_boat":1,"minecraft:diamond_pickaxe":1,"minecraft:golden_apple":3,"minecraft:iron_chestplate":1,"minecraft:shield":1,"minecraft:stick":28,"minecraft:iron_ingot":62,"minecraft:iron_pickaxe":2,"minecraft:gold_ingot":18,"minecraft:iron_leggings":1,"minecraft:torch":16},"minecraft:broken":{"minecraft:iron_pickaxe":1},"minecraft:custom":{"minecraft:mob_kills":13,"minecraft:interact_with_crafting_table":33,"minecraft:leave_game":1,"minecraft:time_since_death":102409,"minecraft:climb_one_cm":2194,"minecraft:sprint_one_cm":402207,"minecraft:walk_one_cm":243407,"minecraft:damage_blocked_by_shield":1089,"minecraft:drop":30,"minecraft:talked_to_villager":5,"minecraft:play_time":123718,"minecraft:sneak_time":7511,"minecraft:deaths":1,"minecraft:walk_under_water_one_cm":14436,"minecraft:boat_one_cm":239262,"minecraft:jump":3245,"minecraft:interact_with_brewingstand":1,"minecraft:walk_on_water_one_cm":27723,"minecraft:total_world_time":123718,"minecraft:interact_with_furnace":18,"minecraft:time_since_rest":102437,"minecraft:damage_taken":1454,"minecraft:damage_dealt":2892,"minecraft:swim_one_cm":74355,"minecraft:fly_one_cm":871172,"minecraft:open_chest":50,"minecraft:crouch_one_cm":18332,"minecraft:fall_one_cm":74074,"minecraft:horse_one_cm":183753},"minecraft:mined":{"minecraft:mossy_cobblestone":1,"minecraft:brewing_stand":2,"minecraft:dark_oak_fence":12,"minecraft:granite":29,"minecraft:grass_block":19,"minecraft:spruce_leaves":4,"minecraft:sandstone":23,"minecraft:hay_block":4,"minecraft:tall_seagrass":1,"minecraft:furnace":2,"minecraft:iron_ore":28,"minecraft:cobbled_deepslate":1,"minecraft:snow":3,"minecraft:andesite":9,"minecraft:deepslate_lapis_ore":3,"minecraft:gold_block":2,"minecraft:deepslate_iron_ore":33,"minecraft:water_cauldron":1,"minecraft:rail":13,"minecraft:oak_stairs":1,"minecraft:packed_ice":3,"minecraft:stone":215,"minecraft:deepslate_redstone_ore":2,"minecraft:light_gray_carpet":1,"minecraft:red_bed":1,"minecraft:oak_fence":4,"minecraft:crafting_table":9,"minecraft:torch":6,"minecraft:short_grass":10,"minecraft:chest":2,"minecraft:tall_grass":8,"minecraft:cobblestone":1,"minecraft:deepslate_coal_ore":1,"minecraft:lapis_ore":1,"minecraft:deepslate_gold_ore":11,"minecraft:oak_planks":31,"minecraft:wall_torch":8,"minecraft:birch_planks":2,"minecraft:ice":1,"minecraft:white_carpet":4,"minecraft:spruce_log":9,"minecraft:birch_leaves":2,"minecraft:oak_log":12,"minecraft:coal_ore":7,"minecraft:gravel":17,"minecraft:sand":60,"minecraft:dirt":41,"minecraft:cracked_stone_bricks":1,"minecraft:gold_ore":8,"minecraft:oak_leaves":2,"minecraft:deepslate":22,"minecraft:suspicious_gravel":2},"minecraft:used":{"minecraft:stone_shovel":114,"minecraft:chest":3,"minecraft:shield":17,"minecraft:cooked_salmon":6,"minecraft:rotten_flesh":18,"minecraft:iron_chestplate":1,"minecraft:torch":77,"minecraft:brewing_stand":2,"minecraft:dirt":16,"minecraft:snowball":1,"minecraft:spruce_boat":2,"minecraft:iron_axe":16,"minecraft:iron_boots":1,"minecraft:goat_horn":7,"minecraft:furnace":3,"minecraft:cooked_cod":6,"minecraft:cobbled_deepslate":20,"minecraft:golden_axe":39,"minecraft:stone_pickaxe":20,"minecraft:wooden_pickaxe":19,"minecraft:sand":2,"minecraft:crafting_table":10,"minecraft:oak_log":1,"minecraft:diamond_shovel":19,"minecraft:bread":18,"minecraft:iron_pickaxe":394,"minecraft:suspicious_stew":2,"minecraft:stone_axe":83,"minecraft:fire_charge":1,"minecraft:cobblestone":78,"minecraft:potion":1,"minecraft:purple_bed":1,"minecraft:oak_boat":2},"minecraft:picked_up":{"minecraft:crafting_table":9,"minecraft:iron_chestplate":1,"minecraft:wheat":9,"minecraft:chest_minecart":7,"minecraft:oak_stairs":1,"minecraft:gold_block":2,"minecraft:brewing_stand":2,"minecraft:shield":1,"minecraft:string":1,"minecraft:red_bed":1,"minecraft:iron_leggings":1,"minecraft:activator_rail":6,"minecraft:cobbled_deepslate":35,"minecraft:spruce_planks":56,"minecraft:oak_boat":2,"minecraft:iron_pickaxe":2,"minecraft:chest":2,"minecraft:egg":3,"minecraft:iron_boots":1,"minecraft:furnace":2,"minecraft:raw_iron":88,"minecraft:stick":2,"minecraft:sandstone":22,"minecraft:oak_fence":4,"minecraft:torch":68,"minecraft:redstone":20,"minecraft:cauldron":1,"minecraft:rotten_flesh":52,"minecraft:arrow":7,"minecraft:stone_shovel":2,"minecraft:beetroot_seeds":9,"minecraft:hay_block":4,"minecraft:saddle":1,"minecraft:glow_berries":10,"minecraft:mutton":4,"minecraft:snowball":2,"minecraft:rail":101,"minecraft:cobblestone":222,"minecraft:andesite":10,"minecraft:oak_log":12,"minecraft:gunpowder":8,"minecraft:lapis_lazuli":33,"minecraft:dirt":16,"minecraft:name_tag":5,"minecraft:bone":11,"minecraft:wheat_seeds":3,"minecraft:raw_gold":31,"minecraft:iron_ingot":11,"minecraft:oak_planks":51,"minecraft:sand":49,"minecraft:spruce_log":9,"minecraft:spider_eye":1,"minecraft:pumpkin_seeds":12,"minecraft:purple_bed":1,"minecraft:stone_axe":1,"minecraft:diamond":5,"minecraft:spruce_boat":3,"minecraft:granite":29,"minecraft:golden_apple":2,"minecraft:golden_horse_armor":1,"minecraft:bread":3,"minecraft:melon_seeds":18,"minecraft:dark_oak_fence":8,"minecraft:coal":9}},"DataVersion":3953}