{"stats":{"minecraft:killed":{"minecraft:zombie":1},"minecraft:dropped":{"minecraft:rotten_flesh":14,"minecraft:iron_pickaxe":1},"minecraft:crafted":{"minecraft:stone_shovel":1,"minecraft:crafting_table":1,"minecraft:spruce_planks":36,"minecraft:wooden_pickaxe":1,"minecraft:furnace":1,"minecraft:stone_axe":1,"minecraft:air":0,"minecraft:iron_chestplate":1,"minecraft:shield":1,"minecraft:stick":16,"minecraft:iron_ingot":8,"minecraft:iron_pickaxe":1,"minecraft:stone_pickaxe":1,"minecraft:torch":16},"minecraft:custom":{"minecraft:interact_with_furnace":8,"minecraft:mob_kills":1,"minecraft:interact_with_crafting_table":12,"minecraft:leave_game":1,"minecraft:time_since_death":15718,"minecraft:time_since_rest":15718,"minecraft:sprint_one_cm":35076,"minecraft:damage_taken":130,"minecraft:walk_one_cm":53806,"minecraft:drop":2,"minecraft:damage_dealt":403,"minecraft:fly_one_cm":21674,"minecraft:open_chest":6,"minecraft:crouch_one_cm":5575,"minecraft:play_time":15718,"minecraft:sneak_time":2248,"minecraft:jump":171,"minecraft:walk_on_water_one_cm":3037,"minecraft:total_world_time":15718,"minecraft:fall_one_cm":6173},"minecraft:mined":{"minecraft:crafting_table":3,"minecraft:oak_fence":2,"minecraft:torch":5,"minecraft:grass_block":5,"minecraft:chest":2,"minecraft:deepslate_coal_ore":1,"minecraft:deepslate_gold_ore":7,"minecraft:lapis_ore":1,"minecraft:oak_planks":4,"minecraft:wall_torch":7,"minecraft:furnace":1,"minecraft:iron_ore":26,"minecraft:spruce_log":9,"minecraft:deepslate_lapis_ore":1,"minecraft:coal_ore":4,"minecraft:deepslate_iron_ore":9,"minecraft:dirt":8,"minecraft:stone":31,"minecraft:gold_ore":2,"minecraft:deepslate":3},"minecraft:used":{"minecraft:stone_shovel":3,"minecraft:stone_pickaxe":20,"minecraft:chest":2,"minecraft:wooden_pickaxe":19,"minecraft:iron_chestplate":1,"minecraft:torch":37,"minecraft:dirt":13,"minecraft:crafting_table":4,"minecraft:bread":3,"minecraft:iron_pickaxe":58,"minecraft:stone_axe":24,"minecraft:cobblestone":12,"minecraft:furnace":2},"minecraft:picked_up":{"minecraft:crafting_table":3,"minecraft:wheat":4,"minecraft:chest_minecart":2,"minecraft:lapis_lazuli":9,"minecraft:dirt":13,"minecraft:name_tag":1,"minecraft:activator_rail":3,"minecraft:cobbled_deepslate":3,"minecraft:raw_gold":9,"minecraft:spruce_planks":34,"minecraft:iron_ingot":9,"minecraft:iron_pickaxe":1,"minecraft:chest":2,"minecraft:oak_planks":4,"minecraft:furnace":1,"minecraft:raw_iron":36,"minecraft:oak_fence":2,"minecraft:torch":48,"minecraft:spruce_log":9,"minecraft:rotten_flesh":28,"minecraft:diamond":2,"minecraft:beetroot_seeds":9,"minecraft:golden_apple":1,"minecraft:bread":3,"minecraft:glow_berries":5,"minecraft:coal":5,"minecraft:rail":18,"minecraft:cobblestone":31}},"DataVersion":3953}