{"stats":{"minecraft:killed":{"minecraft:spider":1,"minecraft:skeleton":2,"minecraft:zombie":5},"minecraft:dropped":{"minecraft:rotten_flesh":14,"minecraft:iron_pickaxe":1},"minecraft:killed_by":{"minecraft:cave_spider":1},"minecraft:crafted":{"minecraft:stone_shovel":1,"minecraft:crafting_table":1,"minecraft:spruce_planks":36,"minecraft:wooden_pickaxe":1,"minecraft:furnace":1,"minecraft:stone_axe":1,"minecraft:air":0,"minecraft:iron_boots":1,"minecraft:iron_chestplate":1,"minecraft:shield":1,"minecraft:stick":16,"minecraft:iron_ingot":15,"minecraft:iron_pickaxe":1,"minecraft:stone_pickaxe":1,"minecraft:iron_leggings":1,"minecraft:torch":16},"minecraft:custom":{"minecraft:interact_with_furnace":10,"minecraft:mob_kills":8,"minecraft:interact_with_crafting_table":16,"minecraft:leave_game":1,"minecraft:time_since_death":6409,"minecraft:time_since_rest":6437,"minecraft:sprint_one_cm":87294,"minecraft:damage_taken":484,"minecraft:walk_one_cm":105281,"minecraft:damage_blocked_by_shield":660,"minecraft:drop":2,"minecraft:damage_dealt":1843,"minecraft:fly_one_cm":39465,"minecraft:open_chest":6,"minecraft:crouch_one_cm":10926,"minecraft:play_time":27718,"minecraft:deaths":1,"minecraft:sneak_time":4150,"minecraft:walk_under_water_one_cm":26,"minecraft:jump":383,"minecraft:walk_on_water_one_cm":3712,"minecraft:total_world_time":27718,"minecraft:fall_one_cm":10799},"minecraft:mined":{"minecraft:deepslate_redstone_ore":2,"minecraft:crafting_table":3,"minecraft:oak_fence":2,"minecraft:torch":6,"minecraft:grass_block":5,"minecraft:chest":2,"minecraft:deepslate_coal_ore":1,"minecraft:deepslate_gold_ore":11,"minecraft:lapis_ore":1,"minecraft:oak_planks":16,"minecraft:wall_torch":8,"minecraft:furnace":1,"minecraft:iron_ore":28,"minecraft:cobbled_deepslate":1,"minecraft:spruce_log":9,"minecraft:andesite":1,"minecraft:deepslate_lapis_ore":3,"minecraft:coal_ore":4,"minecraft:deepslate_iron_ore":33,"minecraft:rail":13,"minecraft:dirt":10,"minecraft:stone":31,"minecraft:gold_ore":8,"minecraft:deepslate":16},"minecraft:used":{"minecraft:stone_shovel":5,"minecraft:stone_pickaxe":20,"minecraft:shield":13,"minecraft:chest":2,"minecraft:wooden_pickaxe":19,"minecraft:rotten_flesh":4,"minecraft:iron_chestplate":1,"minecraft:torch":55,"minecraft:dirt":13,"minecraft:crafting_table":4,"minecraft:bread":3,"minecraft:iron_pickaxe":126,"minecraft:iron_boots":1,"minecraft:stone_axe":56,"minecraft:cobblestone":12,"minecraft:furnace":2,"minecraft:cobbled_deepslate":8},"minecraft:picked_up":{"minecraft:iron_chestplate":1,"minecraft:crafting_table":3,"minecraft:wheat":9,"minecraft:andesite":2,"minecraft:chest_minecart":6,"minecraft:shield":1,"minecraft:gunpowder":8,"minecraft:lapis_lazuli":33,"minecraft:string":1,"minecraft:dirt":14,"minecraft:name_tag":5,"minecraft:iron_leggings":1,"minecraft:bone":10,"minecraft:activator_rail":6,"minecraft:cobbled_deepslate":29,"minecraft:raw_gold":31,"minecraft:spruce_planks":45,"minecraft:iron_ingot":11,"minecraft:iron_pickaxe":2,"minecraft:chest":2,"minecraft:oak_planks":32,"minecraft:iron_boots":1,"minecraft:furnace":1,"minecraft:stick":2,"minecraft:raw_iron":88,"minecraft:oak_fence":2,"minecraft:torch":68,"minecraft:spruce_log":9,"minecraft:redstone":20,"minecraft:spider_eye":1,"minecraft:stone_shovel":1,"minecraft:pumpkin_seeds":12,"minecraft:arrow":3,"minecraft:rotten_flesh":50,"minecraft:diamond":4,"minecraft:stone_axe":1,"minecraft:beetroot_seeds":9,"minecraft:golden_apple":2,"minecraft:saddle":1,"minecraft:golden_horse_armor":1,"minecraft:bread":3,"minecraft:melon_seeds":14,"minecraft:glow_berries":10,"minecraft:coal":5,"minecraft:rail":98,"minecraft:cobblestone":35}},"DataVersion":3953}