{"stats":{"minecraft:killed":{"minecraft:spider":1,"minecraft:skeleton":2,"minecraft:zombie":5},"minecraft:dropped":{"minecraft:rotten_flesh":14,"minecraft:arrow":2,"minecraft:iron_pickaxe":1},"minecraft:killed_by":{"minecraft:cave_spider":1},"minecraft:crafted":{"minecraft:stone_shovel":1,"minecraft:crafting_table":1,"minecraft:spruce_planks":36,"minecraft:wooden_pickaxe":1,"minecraft:furnace":1,"minecraft:stone_axe":1,"minecraft:air":0,"minecraft:iron_boots":1,"minecraft:iron_chestplate":1,"minecraft:shield":1,"minecraft:stick":16,"minecraft:iron_ingot":36,"minecraft:iron_pickaxe":2,"minecraft:stone_pickaxe":1,"minecraft:iron_leggings":1,"minecraft:torch":16},"minecraft:broken":{"minecraft:iron_pickaxe":1},"minecraft:custom":{"minecraft:interact_with_furnace":11,"minecraft:mob_kills":8,"minecraft:interact_with_crafting_table":17,"minecraft:leave_game":1,"minecraft:time_since_death":18409,"minecraft:time_since_rest":18437,"minecraft:sprint_one_cm":106147,"minecraft:damage_taken":530,"minecraft:walk_one_cm":153166,"minecraft:damage_blocked_by_shield":909,"minecraft:drop":3,"minecraft:damage_dealt":1843,"minecraft:fly_one_cm":39992,"minecraft:open_chest":8,"minecraft:crouch_one_cm":12431,"minecraft:play_time":39718,"minecraft:deaths":1,"minecraft:sneak_time":4643,"minecraft:walk_under_water_one_cm":26,"minecraft:jump":582,"minecraft:walk_on_water_one_cm":4622,"minecraft:total_world_time":39718,"minecraft:fall_one_cm":11134},"minecraft:mined":{"minecraft:deepslate_redstone_ore":2,"minecraft:crafting_table":5,"minecraft:oak_fence":4,"minecraft:torch":6,"minecraft:granite":29,"minecraft:grass_block":5,"minecraft:chest":2,"minecraft:deepslate_coal_ore":1,"minecraft:deepslate_gold_ore":11,"minecraft:lapis_ore":1,"minecraft:oak_planks":31,"minecraft:wall_torch":8,"minecraft:furnace":2,"minecraft:iron_ore":28,"minecraft:cobbled_deepslate":1,"minecraft:spruce_log":9,"minecraft:andesite":9,"minecraft:deepslate_lapis_ore":3,"minecraft:coal_ore":6,"minecraft:deepslate_iron_ore":33,"minecraft:rail":13,"minecraft:gravel":14,"minecraft:dirt":12,"minecraft:stone":157,"minecraft:gold_ore":8,"minecraft:deepslate":22},"minecraft:used":{"minecraft:stone_shovel":21,"minecraft:stone_pickaxe":20,"minecraft:shield":14,"minecraft:chest":2,"minecraft:wooden_pickaxe":19,"minecraft:rotten_flesh":11,"minecraft:iron_chestplate":1,"minecraft:torch":67,"minecraft:dirt":16,"minecraft:crafting_table":5,"minecraft:bread":3,"minecraft:iron_pickaxe":298,"minecraft:iron_boots":1,"minecraft:stone_axe":75,"minecraft:cobblestone":43,"minecraft:furnace":2,"minecraft:cobbled_deepslate":20},"minecraft:picked_up":{"minecraft:iron_chestplate":1,"minecraft:crafting_table":5,"minecraft:wheat":9,"minecraft:andesite":10,"minecraft:chest_minecart":7,"minecraft:shield":1,"minecraft:gunpowder":8,"minecraft:lapis_lazuli":33,"minecraft:string":1,"minecraft:dirt":16,"minecraft:name_tag":5,"minecraft:iron_leggings":1,"minecraft:bone":10,"minecraft:activator_rail":6,"minecraft:cobbled_deepslate":35,"minecraft:raw_gold":31,"minecraft:spruce_planks":45,"minecraft:iron_ingot":11,"minecraft:iron_pickaxe":2,"minecraft:chest":2,"minecraft:oak_planks":51,"minecraft:iron_boots":1,"minecraft:furnace":2,"minecraft:stick":2,"minecraft:raw_iron":88,"minecraft:oak_fence":4,"minecraft:torch":68,"minecraft:spruce_log":9,"minecraft:redstone":20,"minecraft:spider_eye":1,"minecraft:stone_shovel":1,"minecraft:pumpkin_seeds":12,"minecraft:arrow":3,"minecraft:rotten_flesh":50,"minecraft:diamond":4,"minecraft:stone_axe":1,"minecraft:beetroot_seeds":9,"minecraft:granite":29,"minecraft:golden_apple":2,"minecraft:saddle":1,"minecraft:golden_horse_armor":1,"minecraft:bread":3,"minecraft:melon_seeds":18,"minecraft:glow_berries":10,"minecraft:coal":8,"minecraft:rail":101,"minecraft:cobblestone":163}},"DataVersion":3953}